<?xml version="1.0" encoding="utf-8"?><soap:Envelope xmlns:soap="http://schemas.xmlsoap.org/soap/envelope/" xmlns:xsi="http://www.w3.org/2001/XMLSchema-instance" xmlns:xsd="http://www.w3.org/2001/XMLSchema"><soap:Body><FECAESolicitarResponse xmlns="http://ar.gov.afip.dif.FEV1/"><FECAESolicitarResult><Errors><Err><Code>600</Code><Msg>ValidacionDeToken: No apareció CUIT en lista de relaciones: 33504487110</Msg></Err></Errors></FECAESolicitarResult></FECAESolicitarResponse></soap:Body></soap:Envelope>