<?xml version="1.0" encoding="UTF-8"?>

<!DOCTYPE sun-web-app PUBLIC '-//Sun Microsystems, Inc.//DTD Sun ONE Application Server 7.0 Servlet 2.3//EN' 'http://www.sun.com/software/sunone/appserver/dtds/sun-web-app_2_3-0.dtd'>

<sun-web-app>
  <session-config>
    <session-manager/>
  </session-config>

  <resource-ref>
    <res-ref-name>jdbc/PointBase</res-ref-name>
    <jndi-name>jdbc/PointBase</jndi-name>
    <default-resource-principal>
	<name>pbpublic</name>
	<password>pbpublic</password>
    </default-resource-principal>

  </resource-ref>
</sun-web-app>

