<?xml version="1.0" encoding="ISO-8859-1"?>

<!--
 Copyright 2003 Sun Microsystems, Inc. All rights reserved.
 SUN PROPRIETARY/CONFIDENTIAL. Use is subject to license terms.
-->


<!DOCTYPE web-app
    PUBLIC "-//Sun Microsystems, Inc.//DTD Web Application 2.2//EN"
    "http://java.sun.com/j2ee/dtds/web-app_2_2.dtd">

<web-app>

  <display-name>Book Application</display-name>
  <description>
    SAAJ based web application.
  </description>

    <servlet>
        <servlet-name>
            receivingservlet
        </servlet-name>
        <servlet-class>
            book.receiver.ReceivingServlet
        </servlet-class>
	<load-on-startup>
	 1 
	</load-on-startup>
    </servlet>

    <servlet-mapping>
        <servlet-name>
            receivingservlet
        </servlet-name>
        <url-pattern>
            /receiver
        </url-pattern>
    </servlet-mapping>
    
    <resource-ref>
       <res-ref-name>jdbc/PointBase</res-ref-name>
       <res-type>javax.sql.DataSource</res-type>
       <res-auth>Container</res-auth>       
    </resource-ref>
</web-app>
